headline,url
,https://english.elpais.com
,https://english.elpais.com
,https://english.elpais.com
"In Ecuador, Noboa and González will compete for the presidency ",https://english.elpais.com/international/2025-02-10/in-ecuador-noboa-and-gonzalez-will-compete-for-the-presidency-after-a-tight-first-round.html
Art collides with science in Los Angeles,https://english.elpais.com/culture/2025-02-10/art-collides-with-science-in-los-angeles.html
,https://english.elpais.com
,https://english.elpais.com
"Ukrainian soldiers fighting North Koreans: ‘They shoot well, they move well, but they are used as cannon fodder’",https://english.elpais.com/international/2025-02-10/ukrainian-soldiers-fighting-north-koreans-they-shoot-well-they-move-well-but-they-are-used-as-cannon-fodder.html
The new politics of fire: The climate crisis demands a different way of governing,https://english.elpais.com/climate/2025-02-09/the-new-politics-of-fire-the-climate-crisis-demands-a-different-way-of-governing.html
,https://english.elpais.com
The Eagles win the Super Bowl by crushing the Chiefs on Mahomes’ darkest night,https://english.elpais.com/sports/2025-02-10/the-eagles-win-the-super-bowl-by-crushing-the-chiefs-on-mahomes-darkest-night.html
"Lily Allen, Duffy, Amy Winehouse and Florence Welch: The struggles of a seemingly cursed generation of singers ",https://english.elpais.com/culture/2025-02-10/lily-allen-duffy-amy-winehouse-and-florence-welch-the-struggles-of-a-seemingly-cursed-generation-of-singers.html
"Roberto Ballestero Diego, urologist: ‘In the next decade there will be surgical robots for every specialty and pathology’",https://english.elpais.com/health/2025-02-09/roberto-ballestero-diego-urologist-in-the-next-decade-there-will-be-surgical-robots-for-every-specialty-and-pathology.html
Why Will Ferrell became the great anti-macho comedian of his generation   ,https://english.elpais.com/culture/2025-02-09/why-will-ferrell-became-the-great-anti-macho-comedian-of-his-generation.html
Does ‘liking’ everything mean you’re old? ,https://english.elpais.com/society/2025-02-09/does-liking-everything-mean-youre-old.html
,https://english.elpais.com
"Ramón Bataller, hepatologist: ‘The combination of alcohol and cocaine is explosive and many young people are paying for it’",https://english.elpais.com/health/2025-02-08/ramon-bataller-hepatologist-the-combination-of-alcohol-and-cocaine-is-explosive-and-many-young-people-are-paying-for-it.html
US admits data centers are harmful to health,https://english.elpais.com/technology/2025-02-07/us-admits-data-centers-are-harmful-to-health.html
A scientific ‘sisterhood’ explores the microbial mysteries of the vagina,https://english.elpais.com/health/2025-02-07/a-scientific-sisterhood-explores-the-microbial-mysteries-of-the-vagina.html
Space agencies raise risk of asteroid 2024 YR4 impacting Earth,https://english.elpais.com/science-tech/2025-02-06/space-agencies-raise-risk-of-asteroid-2024-yr4-impacting-earth.html
"Trump’s ‘drill, baby, drill’ meets reality: The US cannot extract much more oil if the price keeps falling",https://english.elpais.com/economy-and-business/2025-02-08/trumps-drill-baby-drill-meets-reality-the-us-cannot-extract-much-more-oil-if-the-price-keeps-falling.html
,https://english.elpais.com
,https://english.elpais.com
Dollar soars and stock markets fall sharply after Trump’s tariff war begins,https://english.elpais.com/economy-and-business/2025-02-03/dollar-soars-and-stock-markets-fall-sharply-after-trumps-tariff-war-begins.html
"The Vietnam War, as told by its veterans: ‘When are we going to learn our lesson once and for all?’",https://english.elpais.com/culture/2025-02-08/the-vietnam-war-as-told-by-its-veterans-when-are-we-going-to-learn-our-lesson-once-and-for-all.html
,https://english.elpais.com
,https://english.elpais.com
"Tom Green, the man who pioneered cringe comedy and is now a farmer",https://english.elpais.com/culture/2025-02-06/tom-green-the-man-who-pioneered-cringe-comedy-and-is-now-a-farmer.html
Salman Rushdie: ‘My story is about beauty facing death’,https://english.elpais.com/culture/2025-02-04/salman-rushdie-my-story-is-about-beauty-facing-death.html
"Kate Atkinson, the unclassifiable bestseller: From crime fiction to the magical world of Yorkshire",https://english.elpais.com/culture/2025-02-05/kate-atkinson-the-unclassifiable-bestseller-from-crime-fiction-to-the-magical-world-of-yorkshire.html
Third Man Syndrome: What is the strange presence that assists us in life-or-death moments?  ,https://english.elpais.com/science-tech/2025-02-02/third-man-syndrome-what-is-the-strange-presence-that-assists-us-in-life-or-death-moments.html
"Traveling the world, a luxury that has surprisingly little to do with money",https://english.elpais.com/lifestyle/2025-02-09/traveling-the-world-a-luxury-that-has-surprisingly-little-to-do-with-money.html
When penetration causes pain: ‘I was holding back tears’  ,https://english.elpais.com/health/2025-02-02/when-penetration-causes-pain-i-was-holding-back-tears.html
Zombieing: How to deal with an ex who ‘resurrects’ on your phone ,https://english.elpais.com/lifestyle/2025-02-01/zombieing-how-to-deal-with-an-ex-who-resurrects-on-your-phone.html
"Noah Centineo, the actor who went from the internet’s boyfriend to near-oblivion  ",https://english.elpais.com/people/2025-02-08/noah-centineo-the-actor-who-went-from-the-internets-boyfriend-to-near-oblivion.html
"Jacques Audiard, director of ‘Emilia Pérez’, distances himself from Karla Sofía Gascón: ‘What she said is inexcusable’",https://english.elpais.com/culture/2025-02-05/jacques-audiard-director-of-emilia-perez-distances-himself-from-karla-sofia-gascon-what-she-said-is-inexcusable.html
"Andrew Garfield: ‘Suddenly your parents die, you have a crisis and your priorities change’",https://english.elpais.com/culture/2025-02-03/andrew-garfield-suddenly-your-parents-die-you-have-a-crisis-and-your-priorities-change.html
Jaime Valdiris’ journey as a Trump deportee: ‘It’s a very cruel thing’,https://english.elpais.com/international/2025-02-08/jaime-valdiris-journey-as-a-trump-deportee-its-a-very-cruel-thing.html
,https://english.elpais.com
,https://english.elpais.com
"Jaime Maussan, a journalist from another planet: ‘Put me in a debate with any scientist, I’ll tear them to pieces’   ",https://english.elpais.com/culture/2025-02-02/jaime-maussan-a-journalist-from-another-planet-put-me-in-a-debate-with-any-scientist-ill-tear-them-to-pieces.html
Listen now LOS40 USA,https://los40.us/
Why Did Kendrick Lamar Invite Serena Williams to the Super Bowl Halftime Show?,https://los40.us/2025/why-did-kendrick-lamar-invite-serena-williams-to-the-super-bowl-halftime-show-29579.html
What’s the Meaning of Kendrick Lamar’s ‘Not Like Us’ Line: ‘A-Minor’,https://los40.us/2025/whats-the-meaning-of-kendrick-lamars-not-like-us-line-a-minor-29502.html
EL PAÍS offers free Spanish lessons with Gymglish,https://english.elpais.com/economy-and-business/2021-11-15/el-pais-offers-free-spanish-lessons-with-gymglish.html
Trump scores his first victories with his aggressive tariff diplomacy,https://english.elpais.com/usa/2025-02-04/trump-scores-his-first-victories-with-his-aggressive-tariff-diplomacy.html
"Migrants in Chicago after Trump raids: ‘We will continue working, but we are afraid’",https://english.elpais.com/usa/2025-02-03/migrants-in-chicago-after-trump-raids-we-will-continue-working-but-we-are-afraid.html
"The lingering scars of Turkey’s devastating earthquake, two years on",https://english.elpais.com/international/2025-02-06/the-lingering-scars-of-turkeys-devastating-earthquake-two-years-on.html
Mission in Nigeria: Protecting the pangolin,https://english.elpais.com/international/2025-02-02/mission-in-nigeria-protecting-the-pangolin.html
,https://english.elpais.com
Venezuela kicks off its most uncertain presidential campaign,https://english.elpais.com/economy-and-business/2025-02-03/mexico-us-relationship-faces-the-worst-bilateral-crisis-in-decades.html
,https://english.elpais.com
An economic paradox: When savings are both a good and a bad idea,https://english.elpais.com/economy-and-business/2025-01-30/colombia-seeks-a-way-to-break-its-commercial-dependence-on-the-united-states.html
"John David Washington: ‘Every project is different. When I think I’ve figured it all out, I’ll stop acting’",https://english.elpais.com/culture/2025-01-26/john-david-washington-every-project-is-different-when-i-think-ive-figured-it-all-out-ill-stop-acting.html
Coldplay at 25: From alternative band to ‘manipulating emotions on a grand scale’ ,https://english.elpais.com/culture/2025-01-26/coldplay-at-25-from-alternative-band-to-manipulating-emotions-on-a-grand-scale.html
The Puerto Rican crested toad: The shy star of Bad Bunny’s new album and a symbol of resistance,https://english.elpais.com/science-tech/2025-02-01/the-puerto-rican-crested-toad-the-shy-star-of-bad-bunnys-new-album-and-a-symbol-of-resistance.html
"Laura Lladó, surgeon: ‘The population should not have the perception that they are going to have a pig’s organ implanted’",https://english.elpais.com/health/2025-01-24/laura-llado-surgeon-the-population-should-not-have-the-perception-that-they-are-going-to-have-a-pigs-organ-implanted.html
The best Irish wine is made by a Spanish couple,https://english.elpais.com/lifestyle/2025-01-29/the-best-irish-wine-is-made-by-a-spanish-couple.html
My therapist is a bot: The rise of AI in mental health treatment,https://english.elpais.com/technology/2025-01-21/my-therapist-is-a-bot-the-rise-of-ai-in-mental-health-treatment.html
Four wealthy clients to attempt Everest with the help of xenon gas,https://english.elpais.com/sports/2025-01-25/four-wealthy-clients-to-attempt-everest-with-the-help-of-xenon-gas.html
"Climbing without a rope, between freedom and psychopathy",https://english.elpais.com/sports/2024-12-22/rwandas-sports-fever-a-pillar-of-development-or-sportswashing.html
